Galway West;Eamon  O CuIv;M;F.F.;9539
Louth;Gerry Adams;M;S.F.;10661
Cork  East;Barbara Ahern;F;F.F.;4594
Waterford;Sheik Mohiuddin Ahmed;M;NON-P.;140
Dublin Mid West;Patrick Akpoveta;M;NON-P.;288
Tipperary;Siobhan Ambrose;F;F.F.;4472
Dublin Bay South;Chris Andrews;M;S.F.;3774
Dublin South Central;Catherine Ardagh;F;F.F.;5441
Carlow Kilkenny;Bobby Aylward;M;F.F.;9366
Dun Laoghaire;Maria Bailey;F;F.G.;10489
Longford Westmeath;James Bannon;M;F.G.;4639
Cork North Central;Mick Barry;M;AAA-PBP;8041
Cork  East;Tom Barry;M;F.G.;3461
Wicklow;Joe Behan;M;NON-P.;3070
Kildare North;Michael Beirne;M;NON-P.;372
Limerick City;Nora BenNis;F;C.D.;673
Cork South Central;Lorna Bogue;F;G.P.;2064
Meath East;Joseph Bonner;M;NON-P.;2482
Offaly;Kate Bopp;F;NON-P.;549
Dun Laoghaire;Richard Boyd Barrett;M;AAA-PBP;9775
Cork  East;Paul Bradford;M;R.I.;3244
Louth;David Bradley;M;NON-P.;319
Dublin South Central;Neville Bradley;M;D.D.I.;407
Wicklow;John Brady;M;S.F.;11151
Kerry;John Brassil;M;F.F.;8156
Louth;Declan Breathnach;M;F.F.;9099
Sligo Leitrim;Declan Bree;M;NON-P.;3250
Clare;Pat Breen;M;F.G.;6583
Wicklow;Sharon Briggs;F;AAA-PBP;1241
Dublin South West;Colm Brophy;M;F.G.;7195
Dublin Bay North;Tommy Broughan;M;I.4.C;5361
Wexford;James Browne;M;F.F.;9827
Limerick County;Seamus Browne;M;S.F.;3347
Dublin Bay North;Richard Bruton;M;F.G.;9792
Cork  East;Pat Buckley;M;S.F.;5358
Cork  East;Paddy Bullman;M;NON-P.;241
Dublin Central;Christy Burke;M;NON-P.;2406
Dublin South West;Declan Burke;M;NON-P.;515
Longford Westmeath;Peter Burke;M;F.G.;5681
Dublin West;Joan Burton;F;LAB.;6445
Waterford;Mary Butler;F;F.F.;10603
Meath West;Ray Butler;M;F.G.;4432
Cork South Central;Jerry Buttimer;M;F.G.;6419
Wexford;Aoife Byrne;F;F.F.;3164
Dublin South Central;Catherine Byrne;F;F.G.;6130
Dublin South Central;Eric Byrne;M;LAB.;3297
Wexford;Malcolm Byrne;M;F.F.;6115
Meath East;Thomas Byrne;M;F.F.;10818
Tipperary;Jackie Cahill;M;F.F.;7414
Clare;Richard Cahill;M;NON-P.;699
Cavan Monaghan;Micheal Callaghan;M;G.P.;1251
Louth;Kevin Callan;M;NON-P.;3541
Mayo;Dara Calleary;M;F.F.;9402
Galway East;Sean Canney;M;NON-P.;8447
Galway East;Ciaran Cannon;M;F.G.;7123
Cork  East;Ross Cannon;M;NON-P.;147
Clare;Joe Carey;M;F.G.;6071
Dublin North West;Cathleen Carney Boud;F;S.F.;2437
Wexford;Ger Carthy;M;NON-P.;3134
Dublin West;Dermot Casey;M;NON-P.;225
Wicklow;Pat Casey;M;F.F.;6289
Meath West;Shane Cassells;M;F.F.;10585
Sligo Leitrim;Marie Casserly;F;NON-P.;2726
Dublin West;Jack Chambers;M;F.F.;6917
Mayo;Lisa Chambers;F;F.F.;8231
Galway West;James Charity;M;NON-P.;1171
Dublin West;Tj Clare;M;NON-P.;1092
Dublin Bay North;Paul Clarke;M;NON-P.;306
Dublin Fingal;Lorraine Clifford-Lee;F;F.F.;3359
Galway West;Trevor O Clochartaigh;M;S.F.;5755
Louth;Emma Coffey;F;F.F.;3422
Waterford;Paudie Coffey;M;F.G.;7209
Cork South West;Alan Coleman;M;NON-P.;4955
Roscommon Galway;Tony Coleman;M;NON-P.;214
Clare;Clare Colleran-Molloy;F;F.F.;2639
Cork North West;aine Collins Collins;F;F.G.;6237
Dublin South Central;Joan Collins;F;I.4.C;6195
Cork South West;Michael Collins;M;NON-P.;6765
Limerick County;Niall Collins;M;F.F.;12276
Cavan Monaghan;Sean Conlan;M;NON-P.;1665
Galway East;Paul Connaughton;M;F.G.;6474
Laois;Thomasina Connell;F;F.G.;4233
Galway West;Catherine Martina Ann Connolly;F;NON-P.;4877
Galway West;John Connolly;M;F.F.;3885
Louth;Anthony Connor;M;D.D.I.;676
Dublin North West;Caroline Conroy;F;G.P.;915
Roscommon Galway;Eddie Conroy;M;AAA-PBP;982
Waterford;Ciara Conway;F;LAB.;2268
Mayo;Rose Conway-Walsh;F;S.F.;6414
Tipperary;Noel Coonan;M;F.G.;4782
Dublin Bay North;Donna Cooney;F;G.P.;1024
Dublin West;Ruth Coppinger;F;AAA-PBP;6520
Kerry;Donal Corcoran;M;R.I.;716
Offaly;Marcella Corcoran Kennedy;F;F.G.;6838
Dublin Central;Joe Costello;M;LAB.;2092
Cork South Central;Simon Coveney;M;F.G.;7965
Offaly;Barry Cowen;M;F.F.;12366
Mayo;Jerry Cowley;M;NON-P.;3479
Dublin South Central;Liam Coyne;M;S.D.;2434
Cork North West;Michael Creed;M;F.G.;8869
Dublin Bay South;Lucinda Creighton;F;R.I.;4229
Wicklow;Avril CroNin;F;F.G.;2091
Dun Laoghaire;Frank CroNin;M;R.I.;1812
Kildare North;REada CroNin;F;S.F.;3205
Kildare South;Declan Crowe;M;NON-P.;2143
Dublin South West;Sean Crowe;M;S.F.;6974
Galway West;Mike Cubbard;M;NON-P.;2122
Wicklow;JenNifer Cuffe;F;F.F.;2990
Waterford;David Cullinane;M;S.F.;9739
Dublin Mid West;John Curran;M;F.F.;6971
Roscommon Galway;Shane Curran;M;F.F.;2006
Cork  East;Ken Curtin;M;S.D.;1386
Dublin Fingal;Clare Daly;F;I.4.C;9480
Cork South West;Jim Daly;M;F.G.;7370
Wexford;Michael D''arcy;M;F.G.;7798
Dublin Rathdown;Alan Daveron;M;R.I.;1055
Galway West;Nicola Daveron;F;R.I.;994
Dublin Fingal;Dr. Marcus De Brun;M;NON-P.;627
Louth;Mark Dearey;M;G.P.;3187
Waterford;John Deasy;M;F.G.;7641
Kerry;Jimmy DeeNihan;M;F.G.;6489
Carlow Kilkenny;Pat Deering;M;F.G.;6562
Cork North West;Nigel Dennehy;M;S.F.;3238
Dublin South West;Anne-Marie Dermody;F;F.G.;6463
Dublin South Central;Maire Devine;F;S.F.;3332
Dun Laoghaire;Cormac Devlin;M;F.F.;4665
Dublin North West;Jimmy Dignam;M;W.P.;692
Tipperary;Michael Dillon;M;NON-P.;238
Donegal;Gary Doherty;M;S.F.;4136
Donegal;Pearse Doherty;M;S.F.;10300
Meath East;Regina Doherty;F;F.G.;6830
Dublin West;Paul Donnelly;M;S.F.;6034
Wicklow;Stephen Donnelly;M;S.D.;14348
Dublin Central;Paschal Donohoe;M;F.G.;3226
Clare;Timmy Dooley;M;F.F.;10215
Wicklow;Andrew Doyle;M;F.G.;6045
Wicklow;Anna Doyle;F;AAA-PBP;539
Dublin South West;Mick Duff;M;LAB.;1743
Dublin South West;Francis Noel Duffy;M;G.P.;1297
Kildare North;Ger Dunne;M;NON-P.;249
Waterford;una Dunphy;F;AAA-PBP;1646
Kildare North;Bernard Durkan;M;F.G.;6147
Cavan Monaghan;Mike Durkan;M;F.F.;2909
Wexford;John Dwyer;M;NON-P.;1265
Dublin North West;Dessie Ellis;M;S.F.;7571
Meath West;Damien English;M;F.G.;8123
Longford Westmeath;Brian Fagan;M;NON-P.;897
Galway East;Michael Fahy;M;NON-P.;2358
Roscommon Galway;Thomas Declan Fallon;M;NON-P.;75
Dublin Fingal;Alan Farrell;M;F.G.;7514
Roscommon Galway;Anne Farrell;F;R.I.;520
Mayo;Michael Patrick Farrington;M;R.I.;1574
Dublin South West;Sandra Fay;F;AAA-PBP;3241
Galway West;Patrick Feeney;M;NON-P.;22
Wicklow;Anne Ferris;F;LAB.;2634
Kerry;Martin Ferris;M;S.F.;9458
Offaly;Christopher Fettes;M;G.P.;525
Sligo Leitrim;Finbarr Filan;M;R.I.;881
Cork South Central;Mick Finn;M;NON-P.;2378
Kerry;Brian Finucane;M;AAA-PBP;981
Carlow Kilkenny;David Fitzgerald;M;F.G.;5017
Dublin Mid West;Frances Fitzgerald;F;F.G.;9028
Cork North West;Jason Fitzgerald;M;R.I.;1568
Kerry;Michael Fitzgerald;M;G.P.;1011
Kildare North;Shane Fitzgerald;M;R.I.;994
Tipperary;GearOid Fitzgibbon;M;G.P.;1341
Kerry;Mary Elizabeth Fitzgibbon;F;NON-P.;635
Roscommon Galway;Michael Fitzmaurice;M;NON-P.;9750
Offaly;Eddie Fitzpatrick;M;F.F.;3394
Dublin Central;Mary Fitzpatrick;F;F.F.;2508
Louth;Peter Fitzpatrick;M;F.G.;6408
Dublin South West;Peter Fitzpatrick;M;NON-P.;2812
Laois;Charlie Flanagan;M;F.G.;8370
Donegal;Paula Mary Flanagan;F;G.P.;428
Dublin Bay North;Terence Flanagan;M;R.I.;3205
Laois;Sean Fleming;M;F.F.;13626
Dublin Bay South;ManNix Flynn;M;NON-P.;1525
Offaly;John Foley;M;NON-P.;4200
Mayo;Sean Forkin;M;NON-P.;42
Wexford;Caroline Foxe;F;NON-P.;930
Dublin Fingal;Roslyn Fuller;F;NON-P.;772
Carlow Kilkenny;Kathleen Funchion;F;S.F.;8700
Limerick City;James Gaffney;M;G.P.;964
Sligo Leitrim;Nigel Gallagher;M;AAA-PBP;1768
Donegal;Pat The Cope Gallagher;M;F.F.;10198
Dublin Central;Gary Gannon;M;S.D.;2307
Dublin South Central;Michael Gargan;M;R.I.;893
Kerry;Henry Gaynor;M;NON-P.;147
Longford Westmeath;ConNie Gerety-Quinn;F;F.F.;3943
Dublin Central;Jacqui Gilbourne;F;R.I.;330
Carlow Kilkenny;Keith Martin Gilligan;M;NON-P.;456
Meath East;Ben Gilroy;M;D.D.I.;794
Dublin Mid West;Paul Nicholas Gogarty;M;NON-P.;2522
Meath West;Trevor Golden;M;NON-P.;1718
Dublin Central;William  D.j. Gorman;M;NON-P.;27
Dublin Bay South;William D.j. Gorman;M;NON-P.;97
Cork North Central;Thomas Gould;M;S.F.;3773
Galway West;Noel Grealish;M;NON-P.;7187
Louth;Patrick Greene;M;D.D.I.;127
Kerry;Brendan Griffin;M;F.G.;9674
Cork North West;Shirley Griffin;F;NON-P.;439
Sligo Leitrim;Des Guckian;M;NON-P.;1060
Dublin Bay North;Jimmy Guerin;M;NON-P.;756
Dublin Central;Kerry Guinan;F;NON-P.;58
Waterford;John Halligan;M;NON-P.;8306
Dun Laoghaire;Mary Hanafin;F;F.F.;6478
Dublin South Central;Paul Hand;M;NON-P.;2011
Meath East;DomiNic HanNigan;M;LAB.;2270
Offaly;Joe HanNigan;M;NON-P.;5188
Cork South West;Noel Harrington;M;F.G.;6433
Cork South Central;Joe Harris;M;NON-P.;350
Wicklow;Simon Harris;M;F.G.;10819
Donegal;Paddy Harte;M;F.G.;2831
Clare;Michael Harty;M;NON-P.;8629
Cork  East;Natasha Harty;F;G.P.;806
Dublin Bay North;Sean Haughey;M;F.F.;8007
Limerick City;Des Hayes;M;NON-P.;254
Tipperary;Tom Hayes;M;F.G.;6218
Dublin Mid West;Christopher Healy;M;D.D.I.;167
Tipperary;Seamus Healy;M;NON-P.;7452
Longford Westmeath;StephaNie Healy;F;D.D.I.;132
Galway West;Dr. Fidelma Healy Eames;F;NON-P.;1394
Kerry;Danny Healy-Rae;M;NON-P.;9991
Kerry;Michael Healy-Rae;M;NON-P.;20378
Cork South West;Theresa Heaney;F;C.D.;686
Limerick County;James Heffernan;M;S.D.;3270
Dublin Bay North;Deirdre Heney;F;F.F.;3360
Limerick City;Sarah Jane Hennelly;F;S.D.;2747
Dublin Mid West;Lorraine Hennessy;F;W.P.;502
Roscommon Galway;Miriam Hennessy;F;G.P.;286
Kildare South;Martin Heydon;M;F.G.;7851
Galway East;Lorraine Higgins;F;LAB.;4531
Galway West;Mary Hoade;F;F.F.;2205
Wexford;Julie Hogan;F;F.G.;1214
Longford Westmeath;Paul Hogan;M;S.F.;5270
Dublin South West;Sarah Holland;F;S.F.;2616
Galway West;Tommy Holohan;M;AAA-PBP;1017
Roscommon Galway;Maura Hopkins;F;F.G.;6812
Cork South Central;Elizabeth Hourihane;F;NON-P.;304
Clare;Mary Howard;F;F.G.;2053
Wexford;Brendan Howlin;M;LAB.;10574
Dublin North West;BerNie Hughes;F;NON-P.;1120
Cavan Monaghan;Heather Humphreys;F;F.G.;12391
Dublin Bay South;Kevin Humphreys;M;LAB.;4205
Dun Laoghaire;Carol Hunt;F;NON-P.;3152
Wicklow;Katrina Hutchinson;F;D.D.I.;168
Longford Westmeath;Donal Jackson;M;NON-P.;51
Donegal;Tim Jackson;M;NON-P.;3580
Mayo;Peter Jordan;M;NON-P.;176
Mayo;Mohammad Kamal Uddin;M;NON-P.;144
Wicklow;Bob Kearns;M;NON-P.;112
Dublin South West;Pamela Kearns;F;LAB.;2635
Dublin Mid West;Derek Keating;M;F.G.;2337
Galway East;Colm Keaveney;M;F.F.;5436
Wicklow;Charlie Keddy;M;NON-P.;447
Dublin North West;Andrew Keegan;M;AAA-PBP;1434
Wexford;Paul Kehoe;M;F.G.;7696
Dublin Bay South;John DomiNic Keigher;M;NON-P.;37
Cork North Central;Billy Kelleher;M;F.F.;14286
Dublin Fingal;Terry Kelleher;M;AAA-PBP;2067
Tipperary;Alan Kelly;M;LAB.;7746
Roscommon Galway;John Kelly;M;LAB.;1211
Wexford;Leonard Kelly;M;S.D.;1635
Cork South Central;Ciaran Kenneally;M;R.I.;887
Kildare South;Mary Kennedy;F;R.I.;787
Donegal;Niamh Kennedy;F;NON-P.;1836
Mayo;Enda Kenny;M;F.G.;13318
Dublin Mid West;Gino Kenny;M;AAA-PBP;4629
Sligo Leitrim;Martin Kenny;M;S.F.;6356
Meath East;Sharon Keogan;F;NON-P.;1528
Limerick County;Mark Keogh;M;D.D.I.;222
Cork North Central;Ger Keohane;M;NON-P.;912
Roscommon Galway;Claire Kerrane;F;S.F.;3075
Dublin Mid West;Dr. Haroon Khan;M;NON-P.;268
Cork North Central;Thomas Kiely;M;NON-P.;473
Dublin Mid West;Tom Kivlehan;M;G.P.;388
Galway West;Sean Kyne;M;F.G.;6136
Dublin South West;John Lahart;M;F.F.;9647
Meath West;Alan Lawes;M;D.D.I.;1279
Kildare North;James Lawless;M;F.F.;7461
Kildare North;Anthony Lawlor;M;F.G.;5406
Offaly;John Leahy;M;R.I.;4596
Dublin Mid West;Clare Leonard;F;NON-P.;358
Cork  East;Ciara Leonardi-Roche;F;AAA-PBP;1999
Cork  East;Mary Linehan-Foley;F;NON-P.;3145
Wexford;David Lloyd;M;D.D.I.;128
Tipperary;Michael Lowry;M;NON-P.;13064
Cork South Central;Ciaran Lynch;M;LAB.;2417
Dublin Bay South;Glenna Lynch;F;S.D.;2652
Clare;Ian Lynch;M;NON-P.;1494
Cork North Central;Kathleen Lynch;F;LAB.;3723
Dublin Bay North;John Lyons;M;AAA-PBP;4409
Dublin North West;John Lyons;M;LAB.;2750
Carlow Kilkenny;Conor Mac Liam;M;AAA-PBP;1120
Sligo Leitrim;Chris Mac Manus;M;S.F.;4747
Dublin Bay North;MIcheal Macdonncha;M;S.F.;3527
Donegal;Padraig MacLochlainn;M;S.F.;5742
Sligo Leitrim;Marc MacSharry;M;F.F.;8856
Dublin Bay South;Alan Macstiofain;M;NON-P.;235
Dublin Rathdown;Josepha Madigan;F;F.G.;6668
Longford Westmeath;Manchan Magan;M;G.P.;1102
Meath West;John Malone;M;NON-P.;439
Wexford;David Maloney;M;NON-P.;476
Dublin South West;Eamonn Maloney;M;NON-P.;1627
Cork North West;Cormac ManNing;M;G.P.;1354
Carlow Kilkenny;Paddy ManNing;M;NON-P.;1078
Mayo;Stephen ManNing;M;NON-P.;157
Dublin Fingal;Barry Martin;M;I.4.C;2412
Dublin Rathdown;Catherine Martin;F;G.P.;4122
Cork South Central;Micheal Martin;M;F.F.;11346
Dublin Rathdown;Peter Mathews;M;NON-P.;2021
Wicklow;Steven Matthews;M;G.P.;1350
Dublin North West;Paul Mcauliffe;M;F.F.;4750
Donegal;Frank McBrearty;M;NON-P.;1914
Cork  East;Kieran McCarthy;M;NON-P.;1635
Cork South West;Michael McCarthy;M;LAB.;3035
Cork  East;Noel McCarthy;M;F.G.;4406
Cork South West;Rachel McCarthy;F;S.F.;3656
Donegal;Charlie McConalogue;M;F.F.;12533
Cavan Monaghan;Michael McDermott;M;D.D.I.;475
Clare;Michael Malty McDonagh;M;F.F.;4726
Meath East;Seamus McDonagh;M;W.P.;326
Dublin Central;Mary Lou McDonald;F;S.F.;5770
Meath West;Tracy McElhinney;F;LAB.;1166
Kildare South;Suzanne McEneaney;F;G.P.;836
Meath East;Helen McEntee;F;F.G.;7556
Longford Westmeath;Gabrielle McFadden;F;F.G.;2836
Donegal;Ian McGarvey;M;NON-P.;982
Dublin Bay North;FiNian McGrath;M;NON-P.;5878
Tipperary;Mattie McGrath;M;NON-P.;11237
Cork South Central;Michael McGrath;M;F.F.;11795
Dublin West;David McGuinness;M;NON-P.;2991
Carlow Kilkenny;John McGuinness;M;F.F.;10528
Donegal;Joe McHugh;M;F.G.;8412
Dublin Central;Cormac McKay;M;D.D.I.;62
Dublin North West;Cormac McKay;M;D.D.I.;158
Carlow Kilkenny;Patrick McKee;M;R.I.;2483
Longford Westmeath;Noel McKervey;M;C.D.;654
Sligo Leitrim;Tony McLoughlin;M;F.G.;6172
Kildare South;Fiona McLoughlin Healy;F;F.G.;3250
Dublin South West;Ronan McMahon;M;R.I.;2906
Meath West;SEamus McMenamin;M;G.P.;1421
Dublin Mid West;Anne-Marie McNally;F;S.D.;2633
Clare;Michael McNamara;M;LAB.;4472
Cavan Monaghan;James Mee;M;NON-P.;88
Galway East;Aengus Melia;M;D.D.I.;489
Kildare North;Ashling Merriman;F;AAA-PBP;781
Longford Westmeath;James Miller;M;NON-P.;208
Dublin Bay North;DeNise Mitchell;F;S.F.;5039
Dun Laoghaire;Mary Mitchell O''Connor;F;F.G.;10817
Cork South Central;Michael Joseph Mohally;M;NON-P.;170
Dublin Fingal;Dr. Gerry Molloy;M;R.I.;2091
Dublin Bay South;Annette Mooney;F;AAA-PBP;1728
Donegal;Michael Mooney;M;NON-P.;397
Laois;Sinead Moore;F;G.P.;1541
Longford Westmeath;Kevin ''Boxer'' Moran;M;NON-P.;7586
Louth;Mary Moran;F;LAB.;1198
Clare;Noeleen Moran;F;S.F.;4216
Cork North Central;Oliver Moran;M;G.P.;1693
Mayo;Tom Moran;M;AAA-PBP;576
Longford Westmeath;James Morgan;M;NON-P.;3329
Kerry;Norma Moriarty;F;F.F.;4348
Tipperary;SEamus SEan Morris;M;S.F.;5724
Cork North West;Aindrias MoyNihan;M;F.F.;8924
Cork North West;Michael MoyNihan;M;F.F.;7332
Mayo;Michelle Mulherin;F;F.G.;7841
Clare;Dermot Mulqueen;M;NON-P.;39
Louth;Imelda Munster;F;S.F.;8829
Carlow Kilkenny;JenNifer Murnane-O''Connor;F;F.F.;8373
Kildare North;Catherine Murphy;F;S.D.;11108
Cork North Central;Dara Murphy;M;F.G.;5264
Dublin Bay South;Eoghan Murphy;M;F.G.;6567
Roscommon Galway;Eugene Murphy;M;F.F.;6813
Kerry;Kevin Murphy;M;NON-P.;464
Tipperary;Marie Murphy;F;F.G.;1542
Cork North Central;Mick Murphy;M;NON-P.;215
Dublin South West;Paul Murphy;M;AAA-PBP;9005
Dublin Fingal;Tony Murphy;M;NON-P.;2503
Cork South West;Margaret Murphy O''Mahony;F;F.F.;8482
Sligo Leitrim;Eamon Murray;M;NON-P.;356
Dublin South Central;Richard Murray;M;NON-P.;294
Wexford;John Mythen;M;S.F.;7260
Louth;Ged Nash;M;LAB.;4945
Roscommon Galway;DeNis Naughten;M;NON-P.;13936
Galway West;Hildegarde Naughton;F;F.G.;4567
Limerick County;Tom Neville;M;F.G.;8013
Galway East;Mairead Ni ChroiNin;F;G.P.;769
Kildare North;Maebh Ni Fhalluin;F;G.P.;1485
Dublin Rathdown;Sorcha Nic Cormaic;F;S.F.;2858
Donegal;Cordelia NicFhearraigh;F;F.N.;70
Offaly;Carol Nolan;F;S.F.;4804
Galway West;Derek Nolan;M;LAB.;3220
Carlow Kilkenny;Malcolm Noonan;M;G.P.;2621
Limerick City;Michael Noonan;M;F.G.;7294
Dublin West;Catherine Noone;F;F.G.;1074
Clare;Ann Norton;F;NON-P.;2240
Dublin Mid West;Eoin O Broin;M;S.F.;9782
Meath East;Sean O Buachalla;M;G.P.;766
Cork South Central;Diarmaid O Cadhla;M;NON-P.;869
Cavan Monaghan;CaoimhghIn O Caolain;M;S.F.;10060
Kildare South;Sean O FearghaIl;M;F.F.;6469
Dublin South Central;OisIn O Halmhain;M;G.P.;1410
Cork South Central;Donnchadh Uinseann O Laoghaire;M;S.F.;6986
Galway West;John O Mahony;M;F.G.;4734
Dublin Bay North;Naoise O MuirI;M;F.G.;2868
Dublin Bay North;Aodhan O RIordain;M;LAB.;5675
Dublin South Central;Aengus O Snodaigh;M;S.F.;6639
Galway West;Niall O Tuathail;M;S.D.;3455
Cork North West;Michael O'' Donnell;M;C.P.I.;185
Cork South West;Johnny O'' Mahony;M;G.P.;752
Mayo;Gerry O''Boyle;M;NON-P.;126
Dublin Fingal;Darragh O''Brien;M;F.F.;10826
Limerick County;Emmett O''Brien;M;NON-P.;5432
Dublin West;Jo O''Brien;F;R.I.;677
Dublin Fingal;Joe O''Brien;M;G.P.;2783
Cork North Central;Jonathan O''Brien;M;S.F.;6231
Dublin Bay North;Michael O''Brien;M;AAA-PBP;2236
Clare;Niamh O''Brien;F;F.N.;1154
Dun Laoghaire;Shane O''Brien;M;S.F.;3167
Dublin Bay North;Cian O''Callaghan;M;S.D.;3864
Dublin Bay South;Jim O''Callaghan;M;F.F.;4575
Dublin Bay North;Proinsias O''Conarain;M;NON-P.;104
Cavan Monaghan;Aoife O''Connell;F;D.D.I.;279
Dublin Fingal;Fergal O''Connell;M;NON-P.;51
Cork South Central;Jim O''Connell;M;AAA-PBP;795
Dublin Bay South;Kate O''Connell;F;F.G.;5399
Limerick City;Willie O''Dea;M;F.F.;12999
Kerry;Grace O''Donnell;F;F.G.;776
Limerick City;Kieran O''Donnell;M;F.G.;6047
Limerick County;Richard O''Donoghue;M;NON-P.;2855
Dublin South West;Deirdre O''Donovan;F;NON-P.;2197
Limerick County;Patrick O''Donovan;M;F.G.;8479
Louth;Fergus O''Dowd;M;F.G.;6814
Louth;Michael O''Dowd;M;R.I.;2095
Dublin Central;Diana O''Dwyer;F;AAA-PBP;721
Cork North West;Diarmuid O''Flynn;M;NON-P.;2159
Dublin South West;Frank O''Gorman;M;NON-P.;59
Limerick County;John O''Gorman;M;NON-P.;207
Kerry;Michael Pixie O''Gorman;M;NON-P.;1236
Dublin West;Roderic O''Gorman;M;G.P.;1730
Sligo Leitrim;BerNie O''Hara;F;NON-P.;1206
Sligo Leitrim;Leslie V. John O''Hora;M;G.P.;603
Cork  East;Kevin O''Keeffe;M;F.F.;8264
Sligo Leitrim;Susan O''Keeffe;F;LAB.;1829
Cork North Central;Julie O''Leary;F;F.G.;3841
Cork North Central;Paddy O''Leary;M;R.I.;1120
Kildare South;Fiona O''Loughlin;F;F.F.;6906
Cork North Central;Peter O''Loughlin;M;NON-P.;183
Mayo;George O''Malley;M;NON-P.;262
Meath East;Aisling O''Neill;F;S.D.;1715
Dublin Bay North;Damien O''Neill;M;NON-P.;1446
Galway West;RuairI O''Neill;M;D.D.I.;152
Cavan Monaghan;Joe O''Reilly;M;F.G.;6566
Dublin Fingal;Louise O''Reilly;F;S.F.;5228
Cork North West;Steven O''Riordan;M;NON-P.;1361
Meath East;Darren O''Rourke;M;S.F.;5780
Kildare North;Frank O''Rourke;M;F.F.;6341
Sligo Leitrim;Paddy O''Rourke;M;F.F.;5447
Cork North West;John Paul O''Shea;M;NON-P.;4814
Kildare North;Elizabeth O''Sullivan;F;NON-P.;99
Waterford;Grace O''Sullivan;F;G.P.;2237
Limerick City;Jan O''Sullivan;F;LAB.;5227
Cork North West;Jerry O''Sullivan;M;NON-P.;478
Dublin Central;Maureen O''Sullivan;F;NON-P.;1990
Longford Westmeath;DomiNic Parker;M;AAA-PBP;506
Longford Westmeath;Willie Penrose;M;LAB.;4817
Dublin Central;Cieran Perry;M;NON-P.;1242
Sligo Leitrim;John Perry;M;F.G.;4403
Cork South West;Fiona Pettit O''leary;F;NON-P.;423
Carlow Kilkenny;Ann Phelan;F;LAB.;4391
Carlow Kilkenny;John Paul Phelan;M;F.G.;7568
Cork South West;Gillian Powell;F;NON-P.;701
Dublin Bay North;Averil Power;F;NON-P.;4911
Waterford;Mailo Power;F;R.I.;862
Limerick City;Cian Prendiville;M;AAA-PBP;4584
Donegal;Thomas Pringle;M;NON-P.;6220
Dublin South West;Kieran Adam Quigley;M;NON-P.;317
Waterford;Edward Quilty;M;D.D.I.;194
Limerick City;Maurice Quinlivan;M;S.F.;5894
Galway East;Anne Rabbitte;F;F.F.;6928
Dublin Bay North;StephaNie Bernadette Regan;F;F.G.;1857
Dublin Fingal;James Reilly;M;F.G.;4666
Cavan Monaghan;Kathryn Reilly;F;S.F.;6066
Sligo Leitrim;Gerard Reynolds;M;F.G.;6672
Mayo;Michael Ring;M;F.G.;11275
Limerick City;DeNis Riordan;M;NON-P.;78
Galway East;Annemarie Roche;F;S.F.;2683
Dublin North West;Noel Rock;M;F.G.;4642
Galway West;Tommy Roddy;M;NON-P.;251
Dublin Rathdown;Shane Ross;M;NON-P.;10202
Dublin Fingal;Brendan Ryan;M;LAB.;6009
Dublin Bay South;Eamon Ryan;M;G.P.;4529
Dublin Central;Eilis Ryan;F;W.P.;303
Cork South Central;Fiona Ryan;F;AAA-PBP;937
Kildare South;Patricia Ryan;F;S.F.;4267
Offaly;Teresa Ryan-Feehan;F;NON-P.;603
Sligo Leitrim;Eamon Scanlon;M;F.F.;5874
Longford Westmeath;Mae Sexton;F;NON-P.;1646
Dublin Rathdown;Alan Shatter;M;F.G.;5905
Mayo;Margaret (Mags) Sheehan;F;G.P.;629
Donegal;Dessie Sheils;M;NON-P.;3724
Galway West;SEamus Sheridan;M;G.P.;1588
Cork  East;Sean Sherlock;M;LAB.;6949
Dublin North West;ROisIn Shortall;F;S.D.;10540
Dublin South West;Stephen Sinclair;M;D.D.I.;359
Clare;Andres Siro Hakizimana;M;NON-P.;70
Cavan Monaghan;Brendan Smith;M;F.F.;8775
Dublin South Central;BrId Smith;F;AAA-PBP;4374
Cavan Monaghan;Emmett Smith;M;NON-P.;245
Clare;Fergal Smith;M;G.P.;1700
Tipperary;Michael Smith;M;F.F.;6718
Offaly;Ken Smollen;M;I.D.P.;971
Longford Westmeath;Barbara Smyth;F;NON-P.;296
Dun Laoghaire;Carrie Smyth;F;LAB.;5192
Dublin Central;Ian Noel Smyth;M;G.P.;644
Cavan Monaghan;Mary Smyth;F;NON-P.;1589
Cavan Monaghan;Niamh Smyth;F;F.F.;6268
Dun Laoghaire;Ossian Smyth;M;G.P.;3478
Kerry;Arthur J. Spring;M;LAB.;4813
Kildare North;Emmet Stagg;M;LAB.;4087
Laois;Brian Stanley;M;S.F.;8242
Cork  East;David Stanton;M;F.G.;7171
Limerick County;Alexander Storey-Cosgrave;M;G.P.;311
Dublin South West;Joan Summerville-Molloy;F;NON-P.;112
Sligo Leitrim;Bernard Sweeney;M;NON-P.;129
Dublin Bay South;Eoin Tierney;M;NON-P.;151
Wicklow;Billy Timmins;M;R.I.;5510
Dublin Mid West;Francis Timmons;M;NON-P.;1085
Meath West;Peadar TOibIn;M;S.F.;9442
Longford Westmeath;Robert Troy;M;F.F.;11653
Dublin Mid West;Joanna Tuffy;F;LAB.;2146
Cork North Central;Ted Tynan;M;W.P.;1419
Meath East;Sarah Tyrrell;F;R.I.;523
Dublin West;Leo Varadkar;M;F.G.;8247
Wexford;Deirdre Wadding;F;AAA-PBP;1472
Kildare South;Mark Wall;M;LAB.;4277
Carlow Kilkenny;Adrienne Wallace;F;AAA-PBP;1582
Wexford;Mick Wallace;M;I.4.C;7917
Wexford;Ann Walsh;F;G.P.;1056
Waterford;John D Walsh;M;NON-P.;858
Carlow Kilkenny;Noel G. Walsh;M;NON-P.;164
Dublin South West;Karen Warren;F;F.G.;1088
Louth;Garrett Weldon;M;AAA-PBP;3462
Laois;John Whelan;M;LAB.;2856
Dublin Rathdown;Alex White;M;LAB.;4048
Dublin Rathdown;Mary White;F;F.F.;4220
Dun Laoghaire;Raymond Whitehead;M;D.D.I.;213
Cavan Monaghan;John Wilson;M;NON-P.;1023
Louth;Maeve Yore;F;NON-P.;2746
Kildare North;Brendan Young;M;NON-P.;1200
Dublin South West;Katherine Zappone;F;NON-P.;4463
